{
  "n_clusters": 5,
  "cluster_sizes": {
    "5": 319,
    "4": 80,
    "1": 374,
    "3": 15,
    "2": 16
  },
  "cluster_cv_r2": -0.05486664144134397,
  "species_cv_r2": 0.3475921523279636
}