{
  "folding_quality": {
    "bias_correction": -0.16752000000000003,
    "empirical_noise": 0.15180880899634547,
    "ref_distance": 24.00051579632859,
    "loo_residuals": [
      0.2479999999999999,
      0.21727999999999992,
      0.39052000000000003,
      0.6305200000000001,
      0.37807999999999997,
      0.17768
    ],
    "loo_biases": [
      -0.15910000000000002,
      -0.16422000000000003,
      -0.26552,
      -0.30552,
      -0.13742,
      -0.17082000000000003
    ],
    "heuristic_scores": [
      0.4429,
      0.4685,
      0.425,
      0.425,
      0.3345,
      0.2015
    ],
    "labels": [
      0.85,
      0.85,
      0.3,
      0.1,
      0.85,
      0.55
    ],
    "benchmark_features": [
      [
        238.0,
        5.472270673671475,
        0.10084033613445378,
        0.25630252100840334,
        0.008403361344537815,
        -0.5403361344537815,
        0.0
      ],
      [
        371.0,
        5.916202062607435,
        0.10242587601078167,
        0.25336927223719674,
        0.0,
        -0.33396226415094343,
        0.0
      ],
      [
        35.0,
        3.5553480614894135,
        0.05714285714285714,
        0.2,
        0.02857142857142857,
        -0.2971428571428571,
        0.0
      ],
      [
        42.0,
        3.7376696182833684,
        0.09523809523809523,
        0.21428571428571427,
        0.0,
        0.20476190476190478,
        0.0
      ],
      [
        214.0,
        5.365976015021851,
        0.09813084112149532,
        0.1822429906542056,
        0.02336448598130841,
        -0.4523364485981308,
        0.0
      ],
      [
        509.0,
        6.2324480165505225,
        0.1237721021611002,
        0.20235756385068762,
        0.0275049115913556,
        -0.03202357563850691,
        7.0
      ]
    ]
  },
  "glycosylation": {
    "bias_correction": 3.9,
    "empirical_noise": 1.3984117975602022,
    "ref_distance": 0.0,
    "loo_residuals": [
      3.2,
      5.2,
      0.7999999999999998,
      4.0,
      3.2,
      2.0
    ],
    "loo_biases": [
      4.2,
      2.8,
      3.8,
      3.0,
      4.2,
      4.0
    ],
    "benchmark_features": [
      [
        451.0,
        6.111467339502679,
        0.09090909090909091,
        0.17960088691796008,
        0.024390243902439025,
        -0.34057649667405765,
        1.0
      ],
      [
        220.0,
        5.393627546352362,
        0.10909090909090909,
        0.15454545454545454,
        0.00909090909090909,
        -0.5077272727272727,
        7.0
      ],
      [
        193.0,
        5.262690188904886,
        0.06735751295336788,
        0.20725388601036268,
        0.025906735751295335,
        0.02746113989637304,
        3.0
      ],
      [
        509.0,
        6.2324480165505225,
        0.1237721021611002,
        0.20235756385068762,
        0.0275049115913556,
        -0.03202357563850691,
        7.0
      ],
      [
        502.0,
        6.218600119691729,
        0.10358565737051793,
        0.30677290836653387,
        0.053784860557768925,
        -0.505179282868526,
        0.0
      ],
      [
        124.0,
        4.820281565605037,
        0.07258064516129033,
        0.1935483870967742,
        0.06451612903225806,
        -0.6629032258064517,
        1.0
      ]
    ]
  },
  "manufacturing": {
    "bias_correction": 0.0,
    "empirical_noise": 0.08,
    "ref_distance": 1.0,
    "note": "Manufacturing checks are deterministic; noise floor from vendor variability"
  }
}